귀마개,Accessory
비니,Accessory
샌들,Accessory
스니커즈,Accessory
슬립온,Accessory
어그부츠,Accessory
타이츠스타킹,Accessory
하이탑스니커즈,Accessory
러플스커트,Bottom
배기팬츠,Bottom
스웨트팬츠,Bottom
스커트,Bottom
슬랙스,Bottom
와이드팬츠,Bottom
잠옷바지,Bottom
청바지,Bottom
청반바지,Bottom
치노팬츠,Bottom
튤스커트,Bottom
트럼펫스커트,Bottom
티어드스커트,Bottom
플레어스커트,Bottom
플리츠스커트,Bottom
니트원피스,Dress&Setup
데님원피스,Dress&Setup
드레스,Dress&Setup
멜빵바지,Dress&Setup
멜빵원피스,Dress&Setup
뷔스티에,Dress&Setup
셔츠원피스,Dress&Setup
슬립드레스,Dress&Setup
점프수트,Dress&Setup
튜닉원피스,Dress&Setup
튤드레스,Dress&Setup
파자마드레스,Dress&Setup
페플럼드레스,Dress&Setup
피케원피스,Dress&Setup
더블브레스티드재킷,Outer
더플코트,Outer
모피코트,Outer
바람막이,Outer
발마칸재킷,Outer
블루종,Outer
야상,Outer
집업재킷,Outer
집업점퍼,Outer
케이프,Outer
코트,Outer
트럭커,Outer
트렌치코트,Outer
패딩,Outer
패딩조끼,Outer
항공점퍼,Outer
가디건,Top
베스트,Top
블라우스,Top
셔츠,Top
스웨터,Top
스웨트셔츠,Top
집업베스트,Top
터틀넥,Top
티셔츠,Top
파자마상의,Top
폴로셔츠,Top
후드,Top
